index,score
0,0.03412402
1,0.165502947
2,0.446687168
3,0.587275298
4,0.422387593
5,0.546143342
6,0.514557307
7,0.836043598
8,0.783490884
9,0.655181515
10,0.685988338
11,0.661625442
12,0.290194798
13,0.67008392
14,0.303328536
15,0.011329124
16,0.466082609
17,0.603582053
18,0.394963948
19,0.893300172
20,0.054867663
21,0.667174628
22,0.68078844
23,0.214348245
24,0.449039749
25,0.15124683
26,0.470783808
27,0.009555863
28,0.538125698
29,0.003056808
30,0.773739418
31,0.445552275
32,0.758056257
33,0.38800859
34,0.894090991
35,0.430736993
36,0.118371671
37,0.72206422
38,0.928807294
39,0.24060541
40,0.86675701
41,0.466264584
42,0.838332282
43,0.344333837
44,0.802828458
45,0.582809305
46,0.163250802
47,0.020075731
48,0.63815055
49,0.65998017
50,0.542330305
51,0.044924069
52,0.188934992
53,0.325319572
54,0.378063681
55,0.792865213
56,0.91546158
57,0.623365422
58,0.350185488
59,0.980479241
60,0.487134423
61,0.041996597
62,0.024953374
63,0.116467235
64,0.472988602
65,0.427977199
66,0.258831378
67,0.255661598
68,0.436086848
69,0.926047335
70,0.527719849
71,0.863274275
72,0.165729914
73,0.888751033
74,0.67475136
75,0.02287414
76,0.904419383
77,0.044026961
78,0.959854703
79,0.106229625
80,0.991238234
81,0.821042158
82,0.514625479
83,0.771875182
84,0.465356177
85,0.137509885
86,0.487540137
87,0.153652612
88,0.682228466
89,0.879557658
90,0.676636327
91,0.961720772
92,0.132536445
93,0.410407641
94,0.049012567
95,0.696472245
96,0.93680628
97,0.952099251
98,0.578296902
99,0.757440748
100,0.227248984
101,0.559822352
102,0.09995567
103,0.822949162
104,0.646621509
105,0.053692283
106,0.429239344
107,0.541551555
108,0.792721905
109,0.164694849
110,0.030286878
111,0.066875554
112,0.876680352
113,0.884139303
114,0.792143443
115,0.396310533
116,0.734478421
117,0.474481286
118,0.018255519
119,0.107212362
120,0.425844675
121,0.478601685
122,0.758544457
123,0.462442464
124,0.415508509
125,0.087014041
126,0.817028462
127,0.237677782
128,0.745375536
129,0.375597304
130,0.409310803
131,0.209206538
132,0.834598369
133,0.079442859
134,0.14943975
135,0.854354193
136,0.749829072
137,0.64524035
138,0.528996125
139,0.644685415
140,0.419308403
141,0.100278187
142,0.633979746
143,0.350557352
144,0.353777814
145,0.847972021
146,0.439796304
147,0.010380557
148,0.639249027
149,0.664682316
150,0.73558463
151,0.742744047
152,0.588044188
153,0.700753017
154,0.632516242
155,0.355599542
156,0.909920119
157,0.416949512
158,0.896113976
159,0.385019877
160,0.238752577
161,0.518161199
162,0.409138931
163,0.471356606
164,0.276356256
165,0.866564342
166,0.934265559
167,0.42587357
168,0.980570294
169,0.094260945
170,0.020667632
171,0.949796037
172,0.694870692
173,0.068871758
174,0.623285055
175,0.61715865
176,0.561619007
177,0.557748182
178,0.539168062
179,0.088752763
180,0.118122519
181,0.395896891
182,0.357413135
183,0.300699459
184,0.891113743
185,0.358271798
186,0.623802276
187,0.391539276
188,0.049579212
189,0.533848808
190,0.368688053
191,0.867078275
192,0.70026466
193,0.50641626
194,0.043530221
195,0.885880829
196,0.278667603
197,0.614385537
198,0.345685063
199,0.199866175
200,0.280212779
201,0.657632874
202,0.901974952
203,0.602714194
204,0.388101064
205,0.596364221
206,0.263651347
207,0.516271097
208,0.679427053
209,0.010435659
210,0.264550223
211,0.393388291
212,0.992402147
213,0.567046273
214,0.447904598
215,0.706053674
216,0.804349661
217,0.574822854
218,0.18184212
219,0.010410793
220,0.016818866
221,0.527715509
222,0.254718375
223,0.237344641
224,0.887833408
225,0.513533742
226,0.47351384
227,0.087365247
228,0.805838611
229,0.025538301
230,0.809427178
231,0.092186387
232,0.140805511
233,0.938030035
234,0.518781571
235,0.36307955
236,0.270908301
237,0.519290979
238,0.929778438
239,0.681122788
240,0.026644821
241,0.79201474
242,0.762624591
243,0.94681462
244,0.993617729
245,0.656073523
246,0.736984191
247,0.984741525
248,0.925945341
249,0.557514361
250,0.854796983
251,0.722228728
252,0.526649126
253,0.063755989
254,0.502353632
255,0.576134016
256,0.883623869
257,0.342551903
258,0.687529458
259,0.844374168
260,0.846579527
261,0.364522421
262,0.131168235
263,0.141690648
264,0.862802399
265,0.685114209
266,0.696186545
267,0.661033375
268,0.705078024
269,0.1835426
270,0.497758043
271,0.403440493
272,0.304332944
273,0.596297988
274,0.153581763
275,0.373107436
276,0.003758288
277,0.979118225
278,0.986387058
279,0.36762707
280,0.888380719
281,0.873041754
282,0.962486473
283,0.916255832
284,0.883606692
285,0.216741177
286,0.308588525
287,0.167384159
288,0.148660838
289,0.040386217
290,0.529115881
291,0.46089807
292,0.815305585
293,0.828479905
294,0.367391294
295,0.624036489
296,0.972530637
297,0.003234525
298,0.568236106
299,0.095065538
300,0.98250219
301,0.687088369
302,0.59326602
303,0.520293495
304,0.275631379
305,0.311493743
306,0.248510636
307,0.68630553
308,0.625667974
309,0.131798261
310,0.873885115
311,0.771798571
312,0.131906847
313,0.597622709
314,0.074428953
315,0.666244826
316,0.977957904
317,0.063112749
318,0.48909306
319,0.665254015
320,0.128304404
321,0.699557681
322,0.929410217
323,0.167408425
324,0.212088865
325,0.66891143
326,0.010701521
327,0.792616376
328,0.284576572
329,0.510760458
330,0.498801073
331,0.742070274
332,0.654906807
333,0.248781087
334,0.36076063
335,0.234917892
336,0.159105567
337,0.772640833
338,0.35748015
339,0.547666756
340,0.60627151
341,0.780906664
342,0.796314421
343,0.169750008
344,0.678984381
345,0.599341308
346,0.925962604
347,0.023233064
348,0.905391961
349,0.836454263
350,0.20933699
351,0.638606958
352,0.877434668
353,0.015087029
354,0.968906968
355,0.986986544
356,0.636135888
357,0.641154079
358,0.564578729
359,0.267436533
360,0.710419764
361,0.512317243
362,0.409453471
363,0.864806181
364,0.518599867
365,0.21474092
366,0.347420148
367,0.229938004
368,0.93199264
369,0.79986117
370,0.654552867
371,0.040835493
372,0.408799966
373,0.460810567
374,0.353805133
375,0.01355875
376,0.083953934
377,0.131265797
378,0.145012596
379,0.553220847
380,0.994780206
381,0.23458328
382,0.342026187
383,0.154130523
384,0.209638345
385,0.859772059
386,0.403895355
387,0.454056948
388,0.693125732
389,0.372439043
390,0.684404943
391,0.019616799
392,0.632876524
393,0.460491251
394,0.611250614
395,0.063317665
396,0.046748027
397,0.779167855
398,0.701504306
399,0.324313091
400,0.116113561
401,0.79759001
402,0.63737058
403,0.164472592
404,0.222156476
405,0.285802413
406,0.121131727
407,0.860640831
408,0.76417739
409,0.122122257
410,0.609654811
411,0.360240627
412,0.731377779
413,0.082838973
414,0.313527871
415,0.190115392
416,0.667642044
417,0.256501899
418,0.12057459
419,0.3682783
420,0.006731865
421,0.227534742
422,0.367305429
423,0.196070422
424,0.165182091
425,0.282352038
426,0.189292997
427,0.238647228
428,0.619853896
429,0.420295657
430,0.532761551
431,0.061498754
432,0.428086232
433,0.242043087
434,0.970529627
435,0.709465795
436,0.774621553
437,0.61002398
438,0.116131708
439,0.606562329
440,0.988494469
441,0.799725273
442,0.7386303
443,0.734710389
444,0.838072575
445,0.359282978
446,0.902674593
447,0.960350333
448,0.349329505
449,0.492797922
450,0.88718643
451,0.538388056
452,0.432958353
453,0.075492811
454,0.139431757
455,0.605960488
456,0.473654211
457,0.905884604
458,0.308158154
459,0.224410348
460,0.542498919
461,0.069164898
462,0.643065316
463,0.909132992
464,0.366206077
465,0.866566309
466,0.949906935
467,0.48892566
468,0.436517716
469,0.160579794
470,0.625230761
471,0.697841686
472,0.533321876
473,0.914258355
474,0.419186152
475,0.404999837
476,0.103242688
477,0.079551613
478,0.356720289
479,0.010561224
480,0.69959522
481,0.752887059
482,0.33155025
483,0.908811394
484,0.514648828
485,0.043492855
486,0.262513896
487,0.474898481
488,0.60971694
489,0.562638651
490,0.64148833
491,0.651059219
492,0.534846167
493,0.459769917
494,0.2433831
495,0.400468668
496,0.174396636
497,0.280518986
498,0.41852426
499,0.063386711
500,0.86412745
501,0.055822261
502,0.162789458
503,0.401275618
504,0.49531081
505,0.102637861
506,0.047372678
507,0.974413349
508,0.41337654
509,0.010550717
510,0.068042766
511,0.496342339
512,0.941971951
513,0.418216291
514,0.383050284
515,0.686642522
516,0.561424159
517,0.759776454
518,0.725997725
519,0.409977659
520,0.427216549
521,0.328119279
522,0.027562677
523,0.913051351
524,0.669460861
525,0.229150582
526,0.513027659
527,0.251865082
528,0.385917868
529,0.258188904
530,0.367664565
531,0.985035692
532,0.40260733
533,0.737525478
534,0.802780132
535,0.967527682
536,0.261859362
537,0.432864142
538,0.804632348
539,0.865148061
540,0.15769538
541,0.470954902
542,0.442402189
543,0.810580924
544,0.140535999
545,0.004955062
546,0.923171873
547,0.695972507
548,0.810320292
549,0.51458025
550,0.490214149
551,0.446753895
552,0.808273583
553,0.047365837
554,0.357359793
555,0.333006411
556,0.09448265
557,0.692590425
558,0.453672991
559,0.474084101
560,0.440851109
561,0.615568883
562,0.706364438
563,0.764473009
564,0.096792032
565,0.217407613
566,0.455103635
567,0.03495448
568,0.733207035
569,0.060264277
570,0.122745445
571,0.513495667
572,0.158073484
573,0.932719855
574,0.514471999
575,0.239400816
576,0.696237772
577,0.736602625
578,0.267367725
579,0.799900336
580,0.249621498
581,0.388147283
582,0.145198014
583,0.510814961
584,0.226686178
585,0.338666922
586,0.836479042
587,0.817769594
588,0.2405874
589,0.389839818
590,0.862054577
591,0.1436993
592,0.374870505
593,0.745472107
594,0.472645774
595,0.265953662
596,0.795717848
597,0.996278468
598,0.627554651
599,0.89165661
600,0.385739962
601,0.793652385
602,0.684864761
603,0.724853428
604,0.666442177
605,0.934812709
606,0.717288213
607,0.217315396
608,0.366081655
609,0.788452964
610,0.889448826
611,0.122231779
612,0.55576102
613,0.396061625
614,0.170117871
615,0.244584099
616,0.544397795
617,0.365887605
618,0.118156704
619,0.536986838
620,0.355060062
621,0.403257574
622,0.200903399
623,0.12338323
624,0.811110042
625,0.568611015
626,0.738495891
627,0.6933832
628,0.665375729
629,0.76913185
630,0.588491988
631,0.981132409
632,0.854951405
633,0.559597632
634,0.942459113
635,0.850791531
636,0.63132044
637,0.339471734
638,0.121596534
639,0.911068223
640,0.527914234
641,0.519370883
642,0.330424435
643,0.741710772
644,0.142141019
645,0.234800714
646,0.759156625
647,0.234250352
648,0.710613743
649,0.441541248
650,0.8521231
651,0.841668525
652,0.133427402
653,0.407459848
654,0.028803857
655,0.545926925
656,0.774212601
657,0.492477377
658,0.129914773
659,0.48118666
660,0.233004747
661,0.372482694
662,0.566739956
663,0.946571601
664,0.31949061
665,0.320086229
666,0.556912254
667,0.560376465
668,0.851692527
669,0.07846324
670,0.378131036
671,0.61175107
672,0.156827462
673,0.567277862
674,0.841363024
675,0.53399542
676,0.344640136
677,0.702198618
678,0.743472259
679,0.536787142
680,0.23695031
681,0.343140167
682,0.746662036
683,0.269569112
684,0.896905756
685,0.942505865
686,0.503313914
687,0.400398732
688,0.720008642
689,0.304330074
690,0.081528556
691,0.955592561
692,0.122740181
693,0.678671701
694,0.415571319
695,0.670865412
696,0.723523542
697,0.175853722
698,0.536318323
699,0.087757039
700,0.302592064
701,0.027209429
702,0.066082317
703,0.016834995
704,0.730549523
705,0.444238104
706,0.69035312
707,0.502053926
708,0.904785138
709,0.626150803
710,0.814506688
711,0.088712371
712,0.418090868
713,0.224556598
714,0.028075739
715,0.682475766
716,0.074653003
717,0.413554715
718,0.841689701
719,0.400813057
720,0.76067343
721,0.433642356
722,0.508246566
723,0.508444871
724,0.707235383
725,0.00688742
726,0.517553181
727,0.680366777
728,0.429133013
729,0.70711024
730,0.934656814
731,0.697249355
732,0.056369441
733,0.1976534
734,0.611271465
735,0.919211079
736,0.505033591
737,0.810104495
738,0.008938016
739,0.523947655
740,0.455412953
741,0.255741558
742,0.577198272
743,0.02718462
744,0.237651046
745,0.229140232
746,0.927385689
747,0.769847625
748,0.950320331
749,0.14668373
750,0.90585912
751,0.466297367
752,0.267599192
753,0.331978724
754,0.800355486
755,0.813213548
756,0.475777579
757,0.88574478
758,0.903857206
759,0.736640279
760,0.112351856
761,0.592407124
762,0.793290752
763,0.235212838
764,0.713013295
765,0.914111913
766,0.557667747
767,0.421715412
768,0.195460156
769,0.34341641
770,0.657688953
771,0.831014294
772,0.362766221
773,0.929507246
774,0.137692869
775,0.232654312
776,0.973107427
777,0.359527714
778,0.386971311
779,0.411397508
780,0.319191214
781,0.337590181
782,0.653260839
783,0.645989067
784,0.572072349
785,0.956049023
786,0.608940872
787,0.655205999
788,0.560120111
789,0.758484204
790,0.635335448
791,0.944395954
792,0.800568014
793,0.988025373
794,0.321688833
795,0.759983353
796,0.298402288
797,0.549093349
798,0.269543621
799,0.486736375
800,0.096751376
801,0.476842495
802,0.627785045
803,0.939549049
804,0.710853368
805,0.203557269
806,0.391963965
807,0.438100837
808,0.903386824
809,0.934977756
810,0.105063993
811,0.362377335
812,0.22564883
813,0.344413144
814,0.325373547
815,0.849591687
816,0.128029106
817,0.569766974
818,0.919722319
819,0.17790392
820,0.945363919
821,0.344652966
822,0.458419243
823,0.745299978
824,0.559948816
825,0.99541505
826,0.687140942
827,0.075050037
828,0.473525818
829,0.423074051
830,0.673425954
831,0.447602072
832,0.796634908
833,0.097372968
834,0.330216383
835,0.4108477
836,0.718386004
837,0.216831369
838,0.233250461
839,0.25475795
840,0.864789558
841,0.686004413
842,0.844365638
843,0.112207876
844,0.728607939
845,0.911571684
846,0.133778454
847,0.597551337
848,0.320763344
849,0.097163312
850,0.578853087
851,0.817939138
852,0.871135852
853,0.605383149
854,0.83019779
855,0.636335074
856,0.112357991
857,0.697482304
858,0.797834179
859,0.884570267
860,0.769513428
861,0.066708502
862,0.128382718
863,0.901996449
864,0.999325991
865,0.609685771
866,0.476828741
867,0.829409958
868,0.886438597
869,0.216628182
870,0.737983271
871,0.514600166
872,0.204465508
873,0.307051281
874,0.458473222
875,0.313066845
876,0.075755793
877,0.214825004
878,0.562918995
879,0.202231142
880,0.10327195
881,0.66915297
882,0.246681367
883,0.928563462
884,0.947053395
885,0.455004436
886,0.096534784
887,0.410180194
888,0.724294386
889,0.532231841
890,0.093058795
891,0.727416397
892,0.453229075
893,0.315519909
894,0.943106935
895,0.26888938
896,0.178825117
897,0.645359286
898,0.341253979
899,0.331516265
900,0.428010722
901,0.245830216
902,0.565276779
903,0.0196514
904,0.556674304
905,0.047174727
906,0.329192665
907,0.799241016
908,0.834573017
909,0.253263258
910,0.749133729
911,0.240975726
912,0.55987983
913,0.678889558
914,0.471277401
915,0.061759114
916,0.369715932
917,0.18887422
918,0.571891151
919,0.623963222
920,0.751188936
921,0.856900493
922,0.442171469
923,0.190631345
924,0.671437212
925,0.963052147
926,0.952745126
927,0.915360726
928,0.985746566
929,0.736125479
930,0.684475595
931,0.580824488
932,0.916767792
933,0.820477955
934,0.92467995
935,0.428721385
936,0.101019069
937,0.750984141
938,0.068033662
939,0.961359763
940,0.109798031
941,0.923588085
942,0.373925732
943,0.639908665
944,0.474549809
945,0.165520772
946,0.438214535
947,0.097624846
948,0.801269103
949,0.888295405
950,0.37978347
951,0.537348412
952,0.183658197
953,0.364457118
954,0.104241032
955,0.967833526
956,0.137474192
957,0.919898927
958,0.117739474
959,0.992731704
960,0.714980906
961,0.360209812
962,0.176674236
963,0.971366848
964,0.014112354
965,0.400809462
966,0.124234961
967,0.068195277
968,0.68789472
969,0.706879753
970,0.502327158
971,0.66598928
972,0.582482186
973,0.629488557
974,0.798946486
975,0.885173387
976,0.023170319
977,0.709151419
978,0.281746612
979,0.650387182
980,0.476389183
981,0.256918512
982,0.091089069
983,0.558039946
984,0.762945962
985,0.841095092
986,0.875628386
987,0.211236687
988,0.300846541
989,0.032430573
990,0.305879583
991,0.992052085
992,0.018201095
993,0.094654312
994,0.168249771
995,0.215697041
996,0.784734023
997,0.3698443
998,0.718149714
999,0.553829543
1000,0.51307386
1001,0.280953369
1002,0.951802883
1003,0.849570539
1004,0.582609387
1005,0.159284425
1006,0.55455776
1007,0.821341393
1008,0.750010254
1009,0.249740768
1010,0.349092531
1011,0.595198614
1012,0.85038586
1013,0.246265417
1014,0.599017965
1015,0.080723849
1016,0.740089819
1017,0.275847031
1018,0.537455913
1019,0.668814246
1020,0.248519393
1021,0.890106696
1022,0.031922769
1023,0.304292533
1024,0.558857138
1025,0.536946686
1026,0.63743669
1027,0.524414667
1028,0.512101608
1029,0.873967378
1030,0.754470008
1031,0.996661791
1032,0.394515592
1033,0.554565282
1034,0.044284819
1035,0.969349287
1036,0.049803335
1037,0.573734859
1038,0.47987725
1039,0.926120505
1040,0.010879827
1041,0.706558748
1042,0.492563957
1043,0.684092474
1044,0.611385871
1045,0.445138525
1046,0.365157978
1047,0.473657398
1048,0.738905315
1049,0.657831099
1050,0.547403177
1051,0.335141363
1052,0.693546544
1053,0.465292704
1054,0.460656736
1055,0.999000992
1056,0.85205926
1057,0.597716361
1058,0.910338901
1059,0.602056558
1060,0.486338885
1061,0.709809413
1062,0.493597399
1063,0.815966683
1064,0.748772384
1065,0.871496613
1066,0.133970093
1067,0.408594861
1068,0.44450439
1069,0.655148325
1070,0.183369191
1071,0.18170262
1072,0.007832112
1073,0.475952031
1074,0.609779228
1075,0.763720782
1076,0.536674341
1077,0.8201463
1078,0.459071122
1079,0.904757066
1080,0.635847455
1081,0.352631772
1082,0.468074037
1083,0.443745134
1084,0.194605298
1085,0.769636487
1086,0.332998536
1087,0.751459166
1088,0.582696064
1089,0.260485543
1090,0.388244844
1091,0.04394954
1092,0.596099259
1093,0.654798663
1094,0.838355612
1095,0.294625181
1096,0.820472444
1097,0.212291464
1098,0.813206615
1099,0.610880061
1100,0.11574713
1101,0.090115401
1102,0.271041703
1103,0.732177165
1104,0.000369779
1105,0.235482046
1106,0.220508152
1107,0.919845753
1108,0.307365962
1109,0.791539019
1110,0.583016804
1111,0.684809132
1112,0.233470899
1113,0.904734166
1114,0.861854146
1115,0.083524988
1116,0.982682802
1117,0.561963908
1118,0.16045779
1119,0.534690187
1120,0.352038597
1121,0.609249656
1122,0.681641119
1123,0.953759073
1124,0.535684348
1125,0.05663662
1126,0.053567256
1127,0.59096579
1128,0.471299181
1129,0.100790295
1130,0.629679033
1131,0.037310649
1132,0.581955295
1133,0.315845647
1134,0.512522335
1135,0.661627992
1136,0.132315831
1137,0.87033934
1138,0.942787107
1139,0.792705827
1140,0.496302528
1141,0.371649019
1142,0.173996513
1143,0.734224966
1144,0.43010272
1145,0.676973691
1146,0.58890676
1147,0.76581452
1148,0.670833032
1149,0.023078671
1150,0.550285724
1151,0.349078083
1152,0.855065863
1153,0.173592215
1154,0.549662031
1155,0.180924135
1156,0.851647603
1157,0.389215347
1158,0.669873331
1159,0.530642504
1160,0.279441542
1161,0.132172361
1162,0.510338786
1163,0.871682192
1164,0.82391471
1165,0.573753017
1166,0.537829483
1167,0.825822861
1168,0.164391235
1169,0.174821289
1170,0.503948087
1171,0.415057781
1172,0.728937025
1173,0.918772299
1174,0.49382166
1175,0.522023102
1176,0.797308677
1177,0.709384868
1178,0.201017028
1179,0.767181067
1180,0.757996955
1181,0.949595605
1182,0.18613191
1183,0.82678489
1184,0.494607055
1185,0.07139125
1186,0.565328497
1187,0.978803759
1188,0.443124041
1189,0.510457651
1190,0.835706658
1191,0.408178683
1192,0.102690154
1193,0.026060513
1194,0.821588648
1195,0.955788767
1196,0.170167646
1197,0.980620096
1198,0.733011166
1199,0.638081075
1200,0.471200584
1201,0.25907034
1202,0.215376118
1203,0.638799732
1204,0.622846081
1205,0.208451413
1206,0.633078741
1207,0.277682034
1208,0.936966367
1209,0.020501353
1210,0.764221743
1211,0.372919461
1212,0.983079726
1213,0.515615672
1214,0.240517123
1215,0.930337363
1216,0.924425318
1217,0.309476776
1218,0.432694774
1219,0.030745878
1220,0.338040291
1221,0.097431109
1222,0.730172958
1223,0.014712062
1224,0.923692684
1225,0.101952277
1226,0.633264515
1227,0.094036417
1228,0.117583553
1229,0.054325265
1230,0.340192932
1231,0.931102524
1232,0.202811623
1233,0.035274124
1234,0.233613368
1235,0.037895844
1236,0.993727966
1237,0.951091454
1238,0.505584827
1239,0.092816826
1240,0.966794589
1241,0.879668434
1242,0.628839727
1243,0.548987376
1244,0.277247104
1245,0.574484346
1246,0.869625695
1247,0.51732774
1248,0.708106304
1249,0.69892996
1250,0.653949652
1251,0.756925087
1252,0.036959265
1253,0.137155092
1254,0.930575757
1255,0.497134981
1256,0.169034478
1257,0.272049188
1258,0.201082
1259,0.796577627
1260,0.109344126
1261,0.942440693
1262,0.438343147
1263,0.033624767
1264,0.082735508
1265,0.596758638
1266,0.168470002
1267,0.67280211
1268,0.327616709
1269,0.301988254
1270,0.379202852
1271,0.370389653
1272,0.275662873
1273,0.63638895
1274,0.605112163
1275,0.85605046
1276,0.929313743
1277,0.844902833
1278,0.170532454
1279,0.581771382
1280,0.173412708
1281,0.328755747
1282,0.339945365
1283,0.891564573
1284,0.415406588
1285,0.843110738
1286,0.119088094
1287,0.539283301
1288,0.215658929
1289,0.792059653
1290,0.361341051
1291,0.195305297
1292,0.608772788
1293,0.757175131
1294,0.672025546
1295,0.553422059
1296,0.539907381
1297,0.279720842
1298,0.326248901
1299,0.726707334
1300,0.022287125
1301,0.932818793
1302,0.730456706
1303,0.043073555
1304,0.154716855
1305,0.840489312
1306,0.047950558
1307,0.333986917
1308,0.523121644
1309,0.233590158
1310,0.036064579
1311,0.908971387
1312,0.662934688
1313,0.026675441
1314,0.822253781
1315,0.982146061
1316,0.635988241
1317,0.929343248
1318,0.767917142
1319,0.179419731
1320,0.500070562
1321,0.163103038
1322,0.19220541
1323,0.965139237
1324,0.770231904
1325,0.482400756
1326,0.15771907
1327,0.983896293
1328,0.820222328
1329,0.415282693
1330,0.394185122
1331,0.428127381
1332,0.764585491
1333,0.312641406
1334,0.770364504
1335,0.900634048
1336,0.439483726
1337,0.753450402
1338,0.04736031
1339,0.902212296
1340,0.455841181
1341,0.886026701
1342,0.006625456
1343,0.402324835
1344,0.314996058
1345,0.562287803
1346,0.158626434
1347,0.336435037
1348,0.200514377
1349,0.00451458
1350,0.551264717
1351,0.851263264
1352,0.801424382
1353,0.988317512
1354,0.077529835
1355,0.965595947
1356,0.570107878
1357,0.736258387
1358,0.135389927
1359,0.918646259
1360,0.280738978
1361,0.246644235
1362,0.985270011
1363,0.25385694
1364,0.598541576
1365,0.811437365
1366,0.078494049
1367,0.60143576
1368,0.519112618
1369,0.220200308
1370,0.56528786
1371,0.853228389
1372,0.072097535
1373,0.164273543
1374,0.069808857
1375,0.377616752
1376,0.937140491
1377,0.00736441
1378,0.125638742
1379,0.48693823
1380,0.003143772
1381,0.205368165
1382,0.027994242
1383,0.425600261
1384,0.310816932
1385,0.832116308
1386,0.72240437
1387,0.116341848
1388,0.260666325
1389,0.705353582
1390,0.032966501
1391,0.74387609
1392,0.374217482
1393,0.684902976
1394,0.99951829
1395,0.969469151
1396,0.039738999
1397,0.933113573
1398,0.541555735
1399,0.101928828
1400,0.313117153
1401,0.465945403
1402,0.732153992
1403,0.68305763
1404,0.797913998
1405,0.268936493
1406,0.352213022
1407,0.712424989
1408,0.51954425
1409,0.076784729
1410,0.645910696
1411,0.045287228
1412,0.26284982
1413,0.48508197
1414,0.817379928
1415,0.005719869
1416,0.353475566
1417,0.955134093
1418,0.094047878
1419,0.766038011
1420,0.967287493
1421,0.021680307
1422,0.89422715
1423,0.69436774
1424,0.039904167
1425,0.387868234
1426,0.611267782
1427,0.774509384
1428,0.371366289
1429,0.178026187
1430,0.631364139
1431,0.492549657
1432,0.272064566
1433,0.639661058
1434,0.074464958
1435,0.204791835
1436,0.850628459
1437,0.999363468
1438,0.825446525
1439,0.331021828
1440,0.797682057
1441,0.908743496
1442,0.237695978
1443,0.900567802
1444,0.333071211
1445,0.828928171
1446,0.584087452
1447,0.632653673
1448,0.737003842
1449,0.446572568
1450,0.643514711
1451,0.446175558
1452,0.429666592
1453,0.889022553
1454,0.57840877
1455,0.801474282
1456,0.237557645
1457,0.672875219
1458,0.2778063
1459,0.8352802
1460,0.440612176
1461,0.574693528
1462,0.954444488
1463,0.640318431
1464,0.838706392
1465,0.759886153
1466,0.098427034
1467,0.917062725
1468,0.468119956
1469,0.535984441
1470,0.607233763
1471,0.092075145
1472,0.031842863
1473,0.209923482
1474,0.612394651
1475,0.746327634
1476,0.693849063
1477,0.228186166
1478,0.025824723
1479,0.542268711
1480,0.116369707
1481,0.671953467
1482,0.073175004
1483,0.699325425
1484,0.315704917
1485,0.608864546
1486,0.098868149
1487,0.771108446
1488,0.775230129
1489,0.35730939
1490,0.83307864
1491,0.779639655
1492,0.563533127
1493,0.866390736
1494,0.385402159
1495,0.96885965
1496,0.062651661
1497,0.222904141
1498,0.123636286
1499,0.746708567
1500,0.210902384
1501,0.46429847
1502,0.643372129
1503,0.709819827
1504,0.330849476
1505,0.950900245
1506,0.248531791
1507,0.259382495
1508,0.321583845
1509,0.27781547
1510,0.789854992
1511,0.341840363
1512,0.828640573
1513,0.943035446
1514,0.157318074
1515,0.583475842
1516,0.374411798
1517,0.302002574
1518,0.31143536
1519,0.464628139
1520,0.241681984
1521,0.231863509
1522,0.164012031
1523,0.535017293
1524,0.873959232
1525,0.382353033
1526,0.343508045
1527,0.925012952
1528,0.595299445
1529,0.584397583
1530,0.190472071
1531,0.197781204
1532,0.709852642
1533,0.524475336
1534,0.881516058
1535,0.101965048
1536,0.313192775
1537,0.856779269
1538,0.748472387
1539,0.805542445
1540,0.77917981
1541,0.611937887
1542,0.034152453
1543,0.49247527
1544,0.682720139
1545,0.715172667
1546,0.142398688
1547,0.758502375
1548,0.781738618
1549,0.325530137
1550,0.798908623
1551,0.287219972
1552,0.878669855
1553,0.481842492
1554,0.551722199
1555,0.422957754
1556,0.000814498
1557,0.425949497
1558,0.436215385
1559,0.207141017
1560,0.738087276
1561,0.136113253
1562,0.620921857
1563,0.762275982
1564,0.5842393
1565,0.913191522
1566,0.958017172
1567,0.918032567
1568,0.712282799
1569,0.483376862
1570,0.948623279
1571,0.218195477
1572,0.629583319
1573,0.768135799
1574,0.428889631
1575,0.400241355
1576,0.255391521
1577,0.52968022
1578,0.558611559
1579,0.406922108
1580,0.578964787
1581,0.098691999
1582,0.509300209
1583,0.244058199
1584,0.856097769
1585,0.122608421
1586,0.273063336
1587,0.844087061
1588,0.825049649
1589,0.781305973
1590,0.98763283
1591,0.87518633
1592,0.728607302
1593,0.014444231
1594,0.811978105
1595,0.53966909
1596,0.088963397
1597,0.187221961
1598,0.748438905
1599,0.969079125
1600,0.926929992
1601,0.044296361
1602,0.338323373
1603,0.589819832
1604,0.835059155
1605,0.669500609
1606,0.26687969
1607,0.440635551
1608,0.128198325
1609,0.89922484
1610,0.283161231
1611,0.89881851
1612,0.571810666
1613,0.823578461
1614,0.57483765
1615,0.673281297
1616,0.134390186
1617,0.766962918
1618,0.148013255
1619,0.403958838
1620,0.27258969
1621,0.681041362
1622,0.699201403
1623,0.612090717
1624,0.085236686
1625,0.66370987
1626,0.318173881
1627,0.000170364
1628,0.63346903
1629,0.811868297
1630,0.429134378
1631,0.707832193
1632,0.453033847
1633,0.209542253
1634,0.876828125
1635,0.518831749
1636,0.074191085
1637,0.390442705
1638,0.395769406
1639,0.371683934
1640,0.398134784
1641,0.69457095
1642,0.427405615
1643,0.017667312
1644,0.426659024
1645,0.499504644
1646,0.978320867
1647,0.127998957
1648,0.777057017
1649,0.452888545
1650,0.527184218
1651,0.133503977
1652,0.760703037
1653,0.219332478
1654,0.103462068
1655,0.057686594
1656,0.776859616
1657,0.493609895
1658,0.284271578
1659,0.61093152
1660,0.266317642
1661,0.655284078
1662,0.968226194
1663,0.692206864
1664,0.153779863
1665,0.276536387
1666,0.68529598
1667,0.578641463
1668,0.155585012
1669,0.022639077
1670,0.496688869
1671,0.53146632
1672,0.288472077
1673,0.907914397
1674,0.884835295
1675,0.201539642
1676,0.464969251
1677,0.771355102
1678,0.124738959
1679,0.483626229
1680,0.723231836
1681,0.106279432
1682,0.198186509
1683,0.657043476
1684,0.345258564
1685,0.584697025
1686,0.288443006
1687,0.12027932
1688,0.328549757
1689,0.161120166
1690,0.861111417
1691,0.911056876
1692,0.316709598
1693,0.116232
1694,0.812665113
1695,0.269495656
1696,0.045063469
1697,0.825493231
1698,0.094758878
1699,0.970022101
1700,0.029041146
1701,0.019528387
1702,0.156340552
1703,0.683957525
1704,0.402862429
1705,0.298015299
1706,0.603435968
1707,0.446866643
1708,0.806577231
1709,0.727176281
1710,0.663929073
1711,0.229544902
1712,0.818496705
1713,0.873955215
1714,0.478632061
1715,0.694410304
1716,0.257640866
1717,0.889155197
1718,0.170498773
1719,0.321297119
1720,0.950252718
1721,0.564907549
1722,0.370542741
1723,0.827542044
1724,0.924992443
1725,0.99527144
1726,0.912113957
1727,0.872628145
1728,0.959195414
1729,0.029111351
1730,0.34308854
1731,0.001461468
1732,0.967122213
1733,0.509459707
1734,0.617723023
1735,0.903637148
1736,0.316784895
1737,0.841827032
1738,0.434807496
1739,0.598216749
1740,0.163893765
1741,0.574092775
1742,0.895582366
1743,0.683988196
1744,0.99276645
1745,0.702204126
1746,0.73270282
1747,0.568082933
1748,0.416789103
1749,0.016618367
1750,0.447702624
1751,0.319547313
1752,0.092005371
1753,0.670089356
1754,0.895992451
1755,0.862724824
1756,0.267512499
1757,0.103871384
1758,0.434377651
1759,0.037789739
1760,0.340172037
1761,0.996367373
1762,0.959046982
1763,0.480696947
1764,0.881258629
1765,0.927738201
1766,0.432355116
1767,0.254327989
1768,0.468875248
1769,0.74186186
1770,0.120857329
1771,0.800819187
1772,0.304328434
1773,0.29922807
1774,0.090264901
1775,0.867270395
1776,0.699774978
1777,0.069134412
1778,0.819580307
1779,0.587050026
1780,0.325814437
1781,0.732824454
1782,0.943621937
1783,0.131421978
1784,0.998576
1785,0.129856843
1786,0.446337093
1787,0.300161166
1788,0.437917028
1789,0.598444573
1790,0.327959644
1791,0.787097819
1792,0.997473533
1793,0.414550118
1794,0.279453052
1795,0.795741544
1796,0.32689262
1797,0.73368219
1798,0.115598494
1799,0.14148836
1800,0.628995819
1801,0.889902091
1802,0.749940374
1803,0.812548645
1804,0.207979595
1805,0.179603414
1806,0.114630452
1807,0.680039326
1808,0.672889367
1809,0.416631499
1810,0.436743263
1811,0.365537177
1812,0.993047379
1813,0.597510572
1814,0.985294364
1815,0.529197141
1816,0.878973633
1817,0.979653631
1818,0.62533554
1819,0.854148063
1820,0.543937297
1821,0.58396302
1822,0.244011287
1823,0.986062891
1824,0.292668955
1825,0.284284565
1826,0.591066898
1827,0.894775069
1828,0.279712601
1829,0.250182895
1830,0.883891897
1831,0.556835461
1832,0.795133983
1833,0.058117445
1834,0.243028832
1835,0.54951968
1836,0.184726957
1837,0.803251558
1838,0.314361953
1839,0.753274672
1840,0.876411397
1841,0.259870383
1842,0.863606949
1843,0.289706872
1844,0.566997023
1845,0.267016862
1846,0.369441728
1847,0.460717543
1848,0.018978931
1849,0.63191571
1850,0.384700235
1851,0.557374565
1852,0.69233332
1853,0.88906004
1854,0.018488946
1855,0.945237892
1856,0.271691104
1857,0.126248617
1858,0.36755587
1859,0.810192834
1860,0.906320619
1861,0.25230713
1862,0.032097157
1863,0.488387415
1864,0.747357858
1865,0.470041188
1866,0.064628375
1867,0.465478176
1868,0.391933606
1869,0.678209558
1870,0.584594048
1871,0.863835753
1872,0.326068513
1873,0.327405277
1874,0.898732519
1875,0.460710346
1876,0.174249016
1877,0.413435571
1878,0.970691747
1879,0.939837006
1880,0.757843913
1881,0.799997711
1882,0.192086815
1883,0.471760232
1884,0.779622344
1885,0.316810586
1886,0.36234804
1887,0.639583781
1888,0.128709238
1889,0.57467403
1890,0.965023875
1891,0.472680964
1892,0.343945123
1893,0.362058591
1894,0.48807416
1895,0.488030693
1896,0.687404883
1897,0.702529749
1898,0.25593757
1899,0.576929535
1900,0.707164631
1901,0.691377711
1902,0.805464052
1903,0.489513289
1904,0.718103117
1905,0.784182337
1906,0.373716675
1907,0.472622149
1908,0.157836649
1909,0.057494262
1910,0.991825107
1911,0.278623099
1912,0.614306555
1913,0.463858828
1914,0.92723341
1915,0.851740254
1916,0.508480446
1917,0.638272401
1918,0.591292999
1919,0.649402267
1920,0.971251705
1921,0.431651477
1922,0.072073479
1923,0.604020906
1924,0.478143608
1925,0.204992866
1926,0.406665537
1927,0.846372795
1928,0.348165696
1929,0.253927975
1930,0.213905177
1931,0.065963554
1932,0.451277051
1933,0.617300588
1934,0.602880462
1935,0.666705856
1936,0.609005993
1937,0.245055404
1938,0.272321723
1939,0.763294532
1940,0.78732444
1941,0.796704482
1942,0.70520423
1943,0.219861371
1944,0.241932617
1945,0.483988467
1946,0.345528661
1947,0.035902328
1948,0.973791605
1949,0.872408406
1950,0.329769074
1951,0.842939922
1952,0.379456633
1953,0.617537218
1954,0.578258127
1955,0.936889005
1956,0.054463364
1957,0.0633309
1958,0.826934707
1959,0.954644817
1960,0.997091616
1961,0.354400986
1962,0.493584735
1963,0.6646977
1964,0.067299318
1965,0.204774017
1966,0.114693478
1967,0.155244718
1968,0.263320181
1969,0.886439117
1970,0.95733177
1971,0.565485205
1972,0.23933284
1973,0.925104573
1974,0.221283945
1975,0.928048697
1976,0.945362287
1977,0.579474377
1978,0.728118291
1979,0.481446685
1980,0.858796374
1981,0.367406873
1982,0.629318715
1983,0.525603332
1984,0.977905788
1985,0.823296319
1986,0.037375749
1987,0.341646816
1988,0.202785927
1989,0.116686681
1990,0.073765699
1991,0.643577072
1992,0.70002285
1993,0.93150162
1994,0.344128127
1995,0.494559063
1996,0.584958891
1997,0.831760651
1998,0.720050552
1999,0.957089383
2000,0.359845402
2001,0.09324707
2002,0.593050879
2003,0.585782444
2004,0.314590066
2005,0.295977467
2006,0.705511138
2007,0.241678403
2008,0.061614341
2009,0.385234738
2010,0.428125389
2011,0.555996127
2012,0.152354879
2013,0.931743373
2014,0.671069857
2015,0.277628196
2016,0.95782707
2017,0.058471021
2018,0.799112323
2019,0.737970311
2020,0.391536305
2021,0.381722707
2022,0.17017363
2023,0.423667901
2024,0.241705683
2025,0.409058354
2026,0.418931029
2027,0.164413806
2028,0.621335494
2029,0.411335574
2030,0.23511525
2031,0.2436102
2032,0.910433058
2033,0.418061148
2034,0.812158996
2035,0.185323665
2036,0.44406151
2037,0.263527264
2038,0.978620201
2039,0.532942517
2040,0.667074404
2041,0.865454069
2042,0.053855943
2043,0.307789316
2044,0.683923146
2045,0.636888561
2046,0.904645437
2047,0.99645222
2048,0.193676024
2049,0.915920394
2050,0.317815895
2051,0.524524156
2052,0.288914126
2053,0.169203707
2054,0.690484343
2055,0.227001406
2056,0.063408886
2057,0.0520109
2058,0.67183295
2059,0.491091297
2060,0.103489191
2061,0.465064552
2062,0.986065274
2063,0.995739911
2064,0.686259656
2065,0.586025913
2066,0.681786555
2067,0.170156475
2068,0.23060488
2069,0.319814493
2070,0.914771234
2071,0.714567171
2072,0.181675744
2073,0.342658464
2074,0.517678174
2075,0.277835059
2076,0.164835195
2077,0.071575356
2078,0.066710348
2079,0.552732565
2080,0.957482987
2081,0.663478935
2082,0.292675132
2083,0.69807268
2084,0.131386891
2085,0.395626722
2086,0.599174428
2087,0.268574056
2088,0.878179397
2089,0.826752485
2090,0.71086373
2091,0.066453242
2092,0.565972068
2093,0.959421459
2094,0.633650173
2095,0.023254151
2096,0.5200438
2097,0.297929644
2098,0.180396892
2099,0.662340331
2100,0.280837092
2101,0.503788496
2102,0.973148634
2103,0.187695884
2104,0.985397882
2105,0.287968715
2106,0.252222597
2107,0.423548433
2108,0.233693871
2109,0.853224647
2110,0.189703716
2111,0.126037468
2112,0.168423904
2113,0.096288068
2114,0.719849236
2115,0.575516091
2116,0.684388039
2117,0.233165077
2118,0.852682516
2119,0.720804309
2120,0.269546332
2121,0.613314914
2122,0.386790059
2123,0.08358462
2124,0.954694394
2125,0.407548266
2126,0.167440723
2127,0.986750804
2128,0.407971599
2129,0.37371291
2130,0.961019976
2131,0.86052952
2132,0.380538951
2133,0.26258966
2134,0.665686215
2135,0.970358493
2136,0.299600334
2137,0.811746795
2138,0.047908559
2139,0.621122844
2140,0.694547077
2141,0.540520605
2142,0.26146657
2143,0.517413177
2144,0.677603736
2145,0.477439897
2146,0.666171173
2147,0.315744991
2148,0.46734074
2149,0.078674533
2150,0.270194814
2151,0.926083636
2152,0.046708645
2153,0.238298175
2154,0.541922222
2155,0.359791776
2156,0.260391578
2157,0.84397855
2158,0.200728021
2159,0.617607725
2160,0.091929544
2161,0.108615299
2162,0.306292875
2163,0.711787064
2164,0.059690478
2165,0.02751362
2166,0.209530987
2167,0.190672882
2168,0.919721222
2169,0.455231072
2170,0.047386338
2171,0.654711784
2172,0.583548625
2173,0.246738767
2174,0.714864307
2175,0.910699061
2176,0.895741053
2177,0.117658342
2178,0.768858329
2179,0.672182469
2180,0.826432359
2181,0.088361932
2182,0.000987261
2183,0.929189586
2184,0.14331091
2185,0.251228839
2186,0.553164696
2187,0.995768449
2188,0.303959788
2189,0.359650978
2190,0.909398078
2191,0.82656869
2192,0.133026624
2193,0.859714439
2194,0.157470391
2195,0.940886192
2196,0.534016497
2197,0.701843372
2198,0.07558514
2199,0.04029252
2200,0.455960714
2201,0.268409393
2202,0.939187765
2203,0.837546997
2204,0.267543873
2205,0.271063323
2206,0.415069671
2207,0.69865341
2208,0.532180393
2209,0.156124055
2210,0.978331552
2211,0.861469491
2212,0.424564225
2213,0.125406752
2214,0.867989726
2215,0.057746356
2216,0.952158637
2217,0.36555055
2218,0.076821903
2219,0.279943036
2220,0.93068476
2221,0.055615443
2222,0.118069678
2223,0.528961671
2224,0.217416551
2225,0.790906666
2226,0.120577061
2227,0.511934624
2228,0.770257068
2229,0.220032999
2230,0.931932789
2231,0.847624914
2232,0.361004819
2233,0.766587029
2234,0.544920428
2235,0.528184065
2236,0.348839928
2237,0.98176566
2238,0.750216126
2239,0.141637678
2240,0.793774772
2241,0.704909957
2242,0.38362068
2243,0.926460631
2244,0.172538123
2245,0.048961989
2246,0.562666054
2247,0.595919081
2248,0.996239682
2249,0.243815212
2250,0.727237816
2251,0.087908624
2252,0.68565173
2253,0.715069442
2254,0.650237216
2255,0.816583677
2256,0.891541906
2257,0.204475645
2258,0.610681942
2259,0.127552316
2260,0.834962954
2261,0.008439142
2262,0.343883499
2263,0.372239229
2264,0.765808506
2265,0.275444607
2266,0.191285147
2267,0.763316843
2268,0.671148272
2269,0.224067675
2270,0.611044666
2271,0.960357937
2272,0.676075634
2273,0.976289627
2274,0.019906827
2275,0.979744851
2276,0.797771164
2277,0.163892407
2278,0.445984115
2279,0.409949405
2280,0.703043811
2281,0.531845069
2282,0.055618252
2283,0.359391219
2284,0.867053452
2285,0.008418633
2286,0.280379868
2287,0.013330223
2288,0.603155316
2289,0.955029394
2290,0.571790536
2291,0.316095429
2292,0.516241232
2293,0.439346132
2294,0.469333852
2295,0.054421658
2296,0.594769789
2297,0.114676512
2298,0.933157477
2299,0.171405691
2300,0.096341914
2301,0.482565098
2302,0.792333758
2303,0.524001966
2304,0.086745532
2305,0.464681191
2306,0.166727598
2307,0.275951424
2308,0.5044996
2309,0.653185598
2310,0.576062372
2311,0.085119238
2312,0.158707844
2313,0.892100614
2314,0.416134932
2315,0.883981783
2316,0.370583057
2317,0.082544154
2318,0.483857583
2319,0.490353282
2320,0.794256493
2321,0.257586757
2322,0.844686787
2323,0.075467712
2324,0.623806056
2325,0.616083182
2326,0.455031231
2327,0.949715529
2328,0.681233212
2329,0.270723299
2330,0.681589005
2331,0.53887616
2332,0.147051476
2333,0.87270844
2334,0.849628136
2335,0.625278957
2336,0.176965233
2337,0.043022489
2338,0.106975625
2339,0.685898831
2340,0.671534001
2341,0.045820746
2342,0.122272471
2343,0.628896755
2344,0.98940079
2345,0.956588214
2346,0.138149673
2347,0.576391523
2348,0.409121931
2349,0.33621124
2350,0.823570029
2351,0.455742184
2352,0.25273938
2353,0.269264394
2354,0.713491288
2355,0.691958644
2356,0.46839671
2357,0.365735351
2358,0.247088294
2359,0.255592013
2360,0.488600834
2361,0.641252879
2362,0.560885672
2363,0.798392662
2364,0.435556419
2365,0.86453554
2366,0.191380505
2367,0.732160262
2368,0.922704643
2369,0.274807738
2370,0.344178618
2371,0.149620696
2372,0.991766732
2373,0.702023398
2374,0.734539774
2375,0.926879971
2376,0.23277213
2377,0.187787377
2378,0.304966811
2379,0.467620569
2380,0.028634373
2381,0.572726432
2382,0.034152552
2383,0.793576901
2384,0.78047983
2385,0.210027578
2386,0.0386758
2387,0.235992231
2388,0.525937277
2389,0.06341219
2390,0.634384781
2391,0.376677795
2392,0.573132647
2393,0.190090243
2394,0.341313011
2395,0.670199365
2396,0.577273704
2397,0.950909245
2398,0.897199076
2399,0.762729776
2400,0.256293587
2401,0.542482806
2402,0.690088157
2403,0.109132997
2404,0.301355573
2405,0.04622765
2406,0.372349985
2407,0.511672
2408,0.507142012
2409,0.452142124
2410,0.246089084
2411,0.491069725
2412,0.078686178
2413,0.374132327
2414,0.604556135
2415,0.051149624
2416,0.052205146
2417,0.97230067
2418,0.794640078
2419,0.661455836
2420,0.710417727
2421,0.399238174
2422,0.534758056
2423,0.278336944
2424,0.225867673
2425,0.930443315
2426,0.88246775
2427,0.541555786
2428,0.367390571
2429,0.090090559
2430,0.025576728
2431,0.523998668
2432,0.295901617
2433,0.582196134
2434,0.504152108
2435,0.093880781
2436,0.772336062
2437,0.877943171
2438,0.736078681
2439,0.08664018
2440,0.897682542
2441,0.62746315
2442,0.619121448
2443,0.959859088
2444,0.575840547
2445,0.483046166
2446,0.85624817
2447,0.590895898
2448,0.632782065
2449,0.437969149
2450,0.878980876
2451,0.26382288
2452,0.024219646
2453,0.107589269
2454,0.394680825
2455,0.240336001
2456,0.71383466
2457,0.494805187
2458,0.719764762
2459,0.154771719
2460,0.500517403
2461,0.668228961
2462,0.530799441
2463,0.146637815
2464,0.934517721
2465,0.288263599
2466,0.758855084
2467,0.699159916
2468,0.38328854
2469,0.115999068
2470,0.580193639
2471,0.532035981
2472,0.543363748
2473,0.236709084
2474,0.848883029
2475,0.681555771
2476,0.761949842
2477,0.343292136
2478,0.903422477
2479,0.26279398
2480,0.216560163
2481,0.083414828
2482,0.788535606
2483,0.64193296
2484,0.579283708
2485,0.757182658
2486,0.031996131
2487,0.551567049
2488,0.997109243
2489,0.348099402
2490,0.148039068
2491,0.206681917
2492,0.286669844
2493,0.264492418
2494,0.824995228
2495,0.058288752
2496,0.00463258
2497,0.323427098
2498,0.305690386
2499,0.978136562
2500,0.753934043
2501,0.759560129
2502,0.629175094
2503,0.413642412
2504,0.05178769
2505,0.831854307
2506,0.329319243
2507,0.730644583
2508,0.401117811
2509,0.477840912
2510,0.119650824
2511,0.21662071
2512,0.355866986
2513,0.694833013
2514,0.684801112
2515,0.257293146
2516,0.85022446
2517,0.646802591
2518,0.148174143
2519,0.277090409
2520,0.416300421
2521,0.464656044
2522,0.696408337
2523,0.242500199
2524,0.270351525
2525,0.223861565
2526,0.143735318
2527,0.425179242
2528,0.964440796
2529,0.923426478
2530,0.32014819
2531,0.711309937
2532,0.416512062
2533,0.385538517
2534,0.410731068
2535,0.201149281
2536,0.738577069
2537,0.992243395
2538,0.311547566
2539,0.417964822
2540,0.744309557
2541,0.1456204
2542,0.452705673
2543,0.657508022
2544,0.134879822
2545,0.653988075
2546,0.021539722
2547,0.16580912
2548,0.475640523
2549,0.808809462
2550,0.861756164
2551,0.126977469
2552,0.283153646
2553,0.237518751
2554,0.34876546
2555,0.233879923
2556,0.24617268
2557,0.255212742
2558,0.282527745
2559,0.745064606
2560,0.486049747
2561,0.103840293
2562,0.650521344
2563,0.283962537
2564,0.498780146
2565,0.815887268
2566,0.673576433
2567,0.116824707
2568,0.48317856
2569,0.613181247
2570,0.841662539
2571,0.775926143
2572,0.30652114
2573,0.476949863
2574,0.659223354
2575,0.379671962
2576,0.828112375
2577,0.342013298
2578,0.947038387
2579,0.249718834
2580,0.534830475
2581,0.878109439
2582,0.553556993
2583,0.623149026
2584,0.811861619
2585,0.494973477
2586,0.360904433
2587,0.644473166
2588,0.789828786
2589,0.776645177
2590,0.522543685
2591,0.647430181
2592,0.387484637
2593,0.241708215
2594,0.844419273
2595,0.13626291
2596,0.897797766
2597,0.775022054
2598,0.012250416
2599,0.304804367
2600,0.423333305
2601,0.967107238
2602,0.21342048
2603,0.551942476
2604,0.422840143
2605,0.17867643
2606,0.593036969
2607,0.444315024
2608,0.179854226
2609,0.686965667
2610,0.834344351
2611,0.25793852
2612,0.546558251
2613,0.014997081
2614,0.856065965
2615,0.746744501
2616,0.333730544
2617,0.769411214
2618,0.850351101
2619,0.439187406
2620,0.533892872
2621,0.996414287
2622,0.648984754
2623,0.226131622
2624,0.14492887
2625,0.673612184
2626,0.218489573
2627,0.021024221
2628,0.894479139
2629,0.837030584
2630,0.409877579
2631,0.003213563
2632,0.905817894
2633,0.015701914
2634,0.184972175
2635,0.508169902
2636,0.686176688
2637,0.558083914
2638,0.792437807
2639,0.775939482
2640,0.813744869
2641,0.1246321
2642,0.600510666
2643,0.654989896
2644,0.490116723
2645,0.545710386
2646,0.04840764
2647,0.650991848
2648,0.58750875
2649,0.531020756
2650,0.988812164
2651,0.601528311
2652,0.058507421
2653,0.071633439
2654,0.565534272
2655,0.412847507
2656,0.774468081
2657,0.767052227
2658,0.158783321
2659,0.904712343
2660,0.098163078
2661,0.658955433
2662,0.901052368
2663,0.66431549
2664,0.769728681
2665,0.144121381
2666,0.212342197
2667,0.051537305
2668,0.183205203
2669,0.867588043
2670,0.994555623
2671,0.129339002
2672,0.909673541
2673,0.056155618
2674,0.418918981
2675,0.182472295
2676,0.106823842
2677,0.111518397
2678,0.00594326
2679,0.468267851
2680,0.984885346
2681,0.160736287
2682,0.955804526
2683,0.452175875
2684,0.22658929
2685,0.537231354
2686,0.245914546
2687,0.671475675
2688,0.152003144
2689,0.605071719
2690,0.802351104
2691,0.477873688
2692,0.809782034
2693,0.858855396
2694,0.062376907
2695,0.425623386
2696,0.732248568
2697,0.612819901
2698,0.966600247
2699,0.408802377
2700,0.355392843
2701,0.925489402
2702,0.270694465
2703,0.093093577
2704,0.888841845
2705,0.198007217
2706,0.472803574
2707,0.629916851
2708,0.390337648
2709,0.226429042
2710,0.324446004
2711,0.688014911
2712,0.212562069
2713,0.015694671
2714,0.624691844
2715,0.735637541
2716,0.217445967
2717,0.135299401
2718,0.179820934
2719,0.528816959
2720,0.54260267
2721,0.028799522
2722,0.978751661
2723,0.609366029
2724,0.637423611
2725,0.714804308
2726,0.654951554
2727,0.482806671
2728,0.46453055
2729,0.89369248
2730,0.7333729
2731,0.273683342
2732,0.470786442
2733,0.192999481
2734,0.312365271
2735,0.865190936
2736,0.165813887
2737,0.29310743
2738,0.608707519
2739,0.306835914
2740,0.702007804
2741,0.904889807
2742,0.831213413
2743,0.009579533
2744,0.717338091
2745,0.584895046
2746,0.759064508
2747,0.463289747
2748,0.912433161
2749,0.748265861
2750,0.920182181
2751,0.646805368
2752,0.832982417
2753,0.650270165
2754,0.052497422
2755,0.787097583
2756,0.6211563
2757,0.087990575
2758,0.443405582
2759,0.060426495
2760,0.558708925
2761,0.184078958
2762,0.948144324
2763,0.476875034
2764,0.41668684
2765,0.955778164
2766,0.746706197
2767,0.057506126
2768,0.538136464
2769,0.079886817
2770,0.988368196
2771,0.958832645
2772,0.658356636
2773,0.156080766
2774,0.463160107
2775,0.454050983
2776,0.787795981
2777,0.039717483
2778,0.59658424
2779,0.989978028
2780,0.653496777
2781,0.862705146
2782,0.842188988
2783,0.938735392
2784,0.314547283
2785,0.559223412
2786,0.320702984
2787,0.305300784
2788,0.48393471
2789,0.726120663
2790,0.904989459
2791,0.815716156
2792,0.590706205
2793,0.098550636
2794,0.422230708
2795,0.749821747
2796,0.653055795
2797,0.11069879
2798,0.141228585
2799,0.005494115
2800,0.24908222
2801,0.156181123
2802,0.491668491
2803,0.887202385
2804,0.828573825
2805,0.950933096
2806,0.834656074
2807,0.34535785
2808,0.505986744
2809,0.956192327
2810,0.190580145
2811,0.573439479
2812,0.094179578
2813,0.965960748
2814,0.590855891
2815,0.550407974
2816,0.32076261
2817,0.413405142
2818,0.9829109
2819,0.800626995
2820,0.285215222
2821,0.303127477
2822,0.58546194
2823,0.305890312
2824,0.109366785
2825,0.702748233
2826,0.887705873
2827,0.816743898
2828,0.429650111
2829,0.865645997
2830,0.976651341
2831,0.550893769
2832,0.107749308
2833,0.831279722
2834,0.361953231
2835,0.597320605
2836,0.5181658
2837,0.774252611
2838,0.928063164
2839,0.594475027
2840,0.210462559
2841,0.982024184
2842,0.92444551
2843,0.190658912
2844,0.756716586
2845,0.906847725
2846,0.430355831
2847,0.926412452
2848,0.631767693
2849,0.851614271
2850,0.835960603
2851,0.155871557
2852,0.998524641
2853,0.055023691
2854,0.81774487
2855,0.084541094
2856,0.540239325
2857,0.540464135
2858,0.818107739
2859,0.463355358
2860,0.278682454
2861,0.999906263
2862,0.95470689
2863,0.558945542
2864,0.80909306
2865,0.227576825
2866,0.339610434
2867,0.871805193
2868,0.492469461
2869,0.09573327
2870,0.732685784
2871,0.173184613
2872,0.056883729
2873,0.004802211
2874,0.412200393
2875,0.010331064
2876,0.422139413
2877,0.675091002
2878,0.782893681
2879,0.014573734
2880,0.754586728
2881,0.163233843
2882,0.840110125
2883,0.934048333
2884,0.284158981
2885,0.992422922
2886,0.022913616
2887,0.650210234
2888,0.486905726
2889,0.728631789
2890,0.452420808
2891,0.305508818
2892,0.029894532
2893,0.435496862
2894,0.615648508
2895,0.64707634
2896,0.009263482
2897,0.02485141
2898,0.909468623
2899,0.146221436
2900,0.921267989
2901,0.801000775
2902,0.64513011
2903,0.498000996
2904,0.520728481
2905,0.202472532
2906,0.955414417
2907,0.75706512
2908,0.564999443
2909,0.186470425
2910,0.853198929
2911,0.856691452
2912,0.800016959
2913,0.59474847
2914,0.414816621
2915,0.377383733
2916,0.08553814
2917,0.861566768
2918,0.665005236
2919,0.400408257
2920,0.550545365
2921,0.783343238
2922,0.487884589
2923,0.702017615
2924,0.118453004
2925,0.755034882
2926,0.408710244
2927,0.651156825
2928,0.817330502
2929,0.340372229
2930,0.353774478
2931,0.904644716
2932,0.19771629
2933,0.357248227
2934,0.975025906
2935,0.316186052
2936,0.536766343
2937,0.988355667
2938,0.128123269
2939,0.00342375
2940,0.543593315
2941,0.56545001
2942,0.782316359
2943,0.679761319
2944,0.934638029
2945,0.875414128
2946,0.864729463
2947,0.696281843
2948,0.443824612
2949,0.580055069
2950,0.398777194
2951,0.539345249
2952,0.553735601
2953,0.367535529
2954,0.21834038
2955,0.70194965
2956,0.999090265
2957,0.054750072
2958,0.376588201
2959,0.837474514
2960,0.505811691
2961,0.676562509
2962,0.635027468
2963,0.3805528
2964,0.263573987
2965,0.272851606
2966,0.079756384
2967,0.331481274
2968,0.241292749
2969,0.712218146
2970,0.144406878
2971,0.143283725
2972,0.746130509
2973,0.818387139
2974,0.043420412
2975,0.423755269
2976,0.793238465
2977,0.893487825
2978,0.26703304
2979,0.224906017
2980,0.234859353
2981,0.083472145
2982,0.964044456
2983,0.112649392
2984,0.413299544
2985,0.995518596
2986,0.215339397
2987,0.080329695
2988,0.782384403
2989,0.536958843
2990,0.226340811
2991,0.777038947
2992,0.200765872
2993,0.61423553
2994,0.178785386
2995,0.62208831
2996,0.196236555
2997,0.698309024
2998,0.374184318
2999,0.757650462
